<?xml version="1.0" encoding="UTF-8"?>
<metadata xml:lang="en"><Esri><CreaDate>20160802</CreaDate><CreaTime>14462900</CreaTime><ArcGISFormat>1.0</ArcGISFormat><SyncOnce>TRUE</SyncOnce><DataProperties><lineage><Process ToolSource="c:\program files (x86)\arcgis\desktop10.4\ArcToolbox\Toolboxes\Data Management Tools.tbx\CalculateField" Date="20160802" Time="144629">CalculateField Precincts_County_2016 PRECINCT_I "19" VB #</Process><Process ToolSource="c:\program files (x86)\arcgis\desktop10.4\ArcToolbox\Toolboxes\Data Management Tools.tbx\CalculateField" Date="20160802" Time="144704">CalculateField Precincts_County_2016 PRECINCT_I [PRECINCT] VB #</Process><Process ToolSource="c:\program files (x86)\arcgis\desktop10.4\ArcToolbox\Toolboxes\Data Management Tools.tbx\CalculateField" Date="20160808" Time="105744">CalculateField "MAIN 2016 VOTIN PRECINCTS\Precincts_County_2016" NAME_CODE "[NAME] &amp; " " &amp; [STATE_CODE]" VB #</Process><Process ToolSource="c:\program files (x86)\arcgis\desktop10.4\ArcToolbox\Toolboxes\Data Management Tools.tbx\CalculateField" Date="20160808" Time="105805">CalculateField "MAIN 2016 VOTIN PRECINCTS\Precincts_County_2016" NAME_CODE "[NAME] &amp; "   " &amp; [STATE_CODE]" VB #</Process><Process ToolSource="c:\program files (x86)\arcgis\desktop10.4\ArcToolbox\Toolboxes\Data Management Tools.tbx\CalculateField" Date="20160808" Time="110108">CalculateField "MAIN 2016 VOTIN PRECINCTS\Precincts_County_2016" NAME_CODE "[NAME] &amp; "   " &amp; [STATE_CODE] &amp; vbnewline &amp; [VOTING_LOC] &amp; " " &amp; [CORRECT_AD]" VB #</Process><Process ToolSource="c:\program files (x86)\arcgis\desktop10.4\ArcToolbox\Toolboxes\Data Management Tools.tbx\CalculateField" Date="20160808" Time="114629">CalculateField "MAIN 2016 VOTIN PRECINCTS\2016 VOTING PRECINCTS" NAME_CODE "[NAME] &amp;  "," &amp; " " &amp; [STATE_CODE] &amp; vbnewline &amp; [VOTING_LOC] &amp; "," &amp; " " &amp; [CORRECT_AD]" VB #</Process><Process ToolSource="c:\program files (x86)\arcgis\desktop10.4\ArcToolbox\Toolboxes\Data Management Tools.tbx\CalculateField" Date="20160808" Time="142511">CalculateField "MAIN 2016 VOTIN PRECINCTS\2016 VOTING PRECINCTS" NAME_CODE "[NAME] &amp; "," &amp; " " &amp; [STATE_CODE]&amp; vbnewline &amp; [VOTING_LOC] &amp; vbnewline &amp; [CITY] &amp; "," &amp; " " &amp; [STATE] &amp; " " &amp; [ZIPCODE]" VB #</Process><Process ToolSource="c:\program files (x86)\arcgis\desktop10.4\ArcToolbox\Toolboxes\Data Management Tools.tbx\CalculateField" Date="20160808" Time="142656">CalculateField "MAIN 2016 VOTIN PRECINCTS\2016 VOTING PRECINCTS" NAME_CODE "[NAME] &amp; "," &amp; " " &amp; [STATE_CODE]&amp; vbnewline &amp; [VOTING_LOC] &amp; vbnewline &amp; [CITY] &amp; "," &amp; " " &amp; [STATE] &amp; " " &amp; [ZIPCODE]" VB #</Process><Process ToolSource="c:\program files (x86)\arcgis\desktop10.4\ArcToolbox\Toolboxes\Data Management Tools.tbx\CalculateField" Date="20160808" Time="143635">CalculateField "MAIN 2016 VOTIN PRECINCTS\2016 VOTING PRECINCTS" NAME_CODE "[NAME] &amp; "," &amp; " " &amp; [STATE_CODE]&amp; vbnewline &amp; [VOTING_LOC] &amp; vbnewline &amp; [CORRECT_AD] &amp; "," &amp; " " &amp; [CITY]" VB #</Process></lineage></DataProperties></Esri></metadata>
