<?xml version="1.0"?>
<metadata xml:lang="en"><Esri><CreaDate>20180807</CreaDate><CreaTime>14123000</CreaTime><SyncOnce>FALSE</SyncOnce><SyncDate>20110914</SyncDate><SyncTime>15424200</SyncTime><ModDate>20110914</ModDate><ModTime>15424200</ModTime><DataProperties><lineage><Process Name="Dissolve_1" ToolSource="C:\Program Files\ArcGIS\ArcToolbox\Toolboxes\Data Management Tools.tbx\Dissolve" Date="20100706" Time="110923">Dissolve "coverage polygon" "h:\county gis project\blanchard\july 6 2010\Blanchard.shp" PIN # MULTI_PART</Process><Process Name="Select_2" ToolSource="C:\Program Files\ArcGIS\ArcToolbox\Toolboxes\Analysis Tools.tbx\Select" Date="20100706" Time="113310">Select Blanchard "H:\County GIS Project\Villages\Gilboa\Gilboa.shp" ""PIN" &gt; '050000000000'"</Process><Process Name="Dissolve_3" ToolSource="C:\Program Files\ArcGIS\ArcToolbox\Toolboxes\Data Management Tools.tbx\Dissolve" Date="20100706" Time="113448">Dissolve Gilboa "H:\County GIS Project\Villages\Gilboa\Gilboa_Dissolve.shp" # # MULTI_PART</Process><Process ToolSource="C:\Program Files\ArcGIS\Desktop10.0\ArcToolbox\Toolboxes\Data Management Tools.tbx\Merge" Date="20110914" Time="154257">Merge 001_01;001_02;001_03;001_04;001_05;002_01;002_02;002_03;002_04;003_01;003_02;003_03;003_04;003_05;003_06;003_07;003_08;004_01;004_02;004_03;004_04;005_01;005_02;005_03;005_04;006_01;007_01;007_02;007_03;007_04;008_01;008_02;008_03;009_01;009_02;009_03;010_01;011_01;011_02;012_01;012_02;012_03;013_01;014_01;015_01;016_01;016_02;016_03;017_01;018_01;019_01;020_01;020_02;020_03;021_01;021_02;021_03;021_04;022_01;022_02;022_03;022_04;022_05;022_06;022_07;023_01;024_01;024_02;024_03 "\\pcgis\putnamgis\Greg\Greg's GIS Data\Board Of Election\Precincts\Putnam Voter Precincts.shp" "Id "Id" true true false 6 Long 0 6 ,First,#,001_01,Id,-1,-1,001_02,Id,-1,-1,001_03,Id,-1,-1,001_04,Id,-1,-1,001_05,Id,-1,-1,002_01,Id,-1,-1,002_02,Id,-1,-1,002_03,Id,-1,-1,002_04,Id,-1,-1,003_01,Id,-1,-1,003_02,Id,-1,-1,003_03,Id,-1,-1,003_04,Id,-1,-1,003_05,Id,-1,-1,003_06,Id,-1,-1,003_07,Id,-1,-1,003_08,Id,-1,-1,004_01,Id,-1,-1,004_02,Id,-1,-1,004_03,Id,-1,-1,004_04,Id,-1,-1,005_01,Id,-1,-1,005_02,Id,-1,-1,005_03,Id,-1,-1,005_04,Id,-1,-1,006_01,Id,-1,-1,007_01,Id,-1,-1,007_02,Id,-1,-1,007_03,Id,-1,-1,007_04,Id,-1,-1,008_01,Id,-1,-1,008_02,Id,-1,-1,008_03,Id,-1,-1,009_01,Id,-1,-1,009_02,Id,-1,-1,009_03,Id,-1,-1,010_01,Id,-1,-1,011_01,Id,-1,-1,011_02,Id,-1,-1,012_01,Id,-1,-1,012_02,Id,-1,-1,012_03,Id,-1,-1,013_01,Id,-1,-1,014_01,Id,-1,-1,015_01,Id,-1,-1,016_01,Id,-1,-1,016_02,Id,-1,-1,016_03,Id,-1,-1,017_01,Id,-1,-1,018_01,Id,-1,-1,019_01,Id,-1,-1,020_01,Id,-1,-1,020_02,Id,-1,-1,020_03,Id,-1,-1,021_01,Id,-1,-1,021_02,Id,-1,-1,021_03,Id,-1,-1,021_04,Id,-1,-1,022_01,Id,-1,-1,022_02,Id,-1,-1,022_03,Id,-1,-1,022_04,Id,-1,-1,022_05,Id,-1,-1,022_06,Id,-1,-1,022_07,Id,-1,-1,023_01,Id,-1,-1,024_01,Id,-1,-1,024_02,Id,-1,-1,024_03,Id,-1,-1"</Process></lineage><itemProps><itemName Sync="TRUE">Putnam Voter Precincts</itemName><imsContentType Sync="TRUE">002</imsContentType><itemSize Sync="TRUE">0.000</itemSize><itemLocation><linkage Sync="TRUE">file://\\pcgis\putnamgis\Greg\Greg's GIS Data\Board Of Election\Precincts\Putnam Voter Precincts.shp</linkage><protocol Sync="TRUE">Local Area Network</protocol></itemLocation></itemProps></DataProperties><ArcGISFormat>1.0</ArcGISFormat></Esri><idinfo><native Sync="TRUE">Microsoft Windows XP Version 5.1 (Build 2600) Service Pack 3; ESRI ArcCatalog 9.2.5.1450</native><descript><langdata Sync="TRUE">en</langdata><abstract>REQUIRED: A brief narrative summary of the data set.</abstract><purpose>REQUIRED: A summary of the intentions with which the data set was developed.</purpose></descript><citation><citeinfo><origin>REQUIRED: The name of an organization or individual that developed the data set.</origin><pubdate>REQUIRED: The date when the data set is published or otherwise made available for release.</pubdate><title Sync="TRUE">Gilboa_Dissolve</title><ftname Sync="TRUE">Gilboa_Dissolve</ftname><geoform Sync="TRUE">vector digital data</geoform><onlink Sync="TRUE">\\OHOTTAWA00C001\Greg.Luersman\County GIS Project\Villages\Gilboa\Gilboa_Dissolve.shp</onlink></citeinfo></citation><timeperd><current>REQUIRED: The basis on which the time period of content information is determined.</current><timeinfo><sngdate><caldate>REQUIRED: The year (and optionally month, or month and day) for which the data set corresponds to the ground.</caldate></sngdate></timeinfo></timeperd><status><progress>REQUIRED: The state of the data set.</progress><update>REQUIRED: The frequency with which changes and additions are made to the data set after the initial data set is completed.</update></status><spdom><bounding><westbc Sync="TRUE">REQUIRED: Western-most coordinate of the limit of coverage expressed in longitude.</westbc><eastbc Sync="TRUE">REQUIRED: Eastern-most coordinate of the limit of coverage expressed in longitude.</eastbc><northbc Sync="TRUE">REQUIRED: Northern-most coordinate of the limit of coverage expressed in latitude.</northbc><southbc Sync="TRUE">REQUIRED: Southern-most coordinate of the limit of coverage expressed in latitude.</southbc></bounding></spdom><keywords><theme><themekt>REQUIRED: Reference to a formally registered thesaurus or a similar authoritative source of theme keywords.</themekt><themekey>REQUIRED: Common-use word or phrase used to describe the subject of the data set.</themekey></theme></keywords><accconst>REQUIRED: Restrictions and legal prerequisites for accessing the data set.</accconst><useconst>REQUIRED: Restrictions and legal prerequisites for using the data set after access is granted.</useconst><natvform Sync="TRUE">Shapefile</natvform></idinfo><dataIdInfo><envirDesc Sync="TRUE">Microsoft Windows Server 2008 R2 Version 6.1 (Build 7600) ; ESRI ArcGIS 10.0.2.3200</envirDesc><dataLang><languageCode Sync="TRUE" value="eng" country="USA"></languageCode></dataLang><idCitation><resTitle Sync="TRUE">Putnam Voter Precincts</resTitle><presForm><PresFormCd Sync="TRUE" value="005"></PresFormCd></presForm></idCitation><spatRpType><SpatRepTypCd Sync="TRUE" value="001"></SpatRepTypCd></spatRpType><descKeys><thesaName uuidref="723f6998-058e-11dc-8314-0800200c9a66"></thesaName><keyword Sync="TRUE">002</keyword></descKeys></dataIdInfo><metainfo><langmeta Sync="TRUE">en</langmeta><metstdn Sync="TRUE">FGDC Content Standards for Digital Geospatial Metadata</metstdn><metstdv Sync="TRUE">FGDC-STD-001-1998</metstdv><mettc Sync="TRUE">local time</mettc><metc><cntinfo><cntorgp><cntper>REQUIRED: The person responsible for the metadata information.</cntper><cntorg>REQUIRED: The organization responsible for the metadata information.</cntorg></cntorgp><cntaddr><addrtype>REQUIRED: The mailing and/or physical address for the organization or individual.</addrtype><city>REQUIRED: The city of the address.</city><state>REQUIRED: The state or province of the address.</state><postal>REQUIRED: The ZIP or other postal code of the address.</postal></cntaddr><cntvoice>REQUIRED: The telephone number by which individuals can speak to the organization or individual.</cntvoice></cntinfo></metc><metd Sync="TRUE">20100706</metd></metainfo><mdLang><languageCode Sync="TRUE" value="eng"></languageCode></mdLang><mdStanName Sync="TRUE">ISO 19115 Geographic Information - Metadata</mdStanName><mdStanVer Sync="TRUE">DIS_ESRI1.0</mdStanVer><mdChar><CharSetCd Sync="TRUE" value="004"></CharSetCd></mdChar><mdHrLv><ScopeCd Sync="TRUE" value="005"></ScopeCd></mdHrLv><mdHrLvName Sync="TRUE">dataset</mdHrLvName><distinfo><resdesc Sync="TRUE">Downloadable Data</resdesc><stdorder><digform><digtinfo><transize Sync="TRUE">0.000</transize><dssize Sync="TRUE">0.000</dssize></digtinfo></digform></stdorder></distinfo><distInfo><distributor><distorTran><onLineSrc><orDesc Sync="TRUE">002</orDesc><linkage Sync="TRUE">file://\\OHOTTAWA00C001\Greg.Luersman\County GIS Project\Villages\Gilboa\Gilboa_Dissolve.shp</linkage><protocol Sync="TRUE">Local Area Network</protocol></onLineSrc><transSize Sync="TRUE">0.000</transSize></distorTran><distorFormat><formatName Sync="TRUE">Shapefile</formatName></distorFormat></distributor><distFormat><formatName Sync="TRUE">Shapefile</formatName></distFormat><distTranOps><transSize Sync="TRUE">0.000</transSize></distTranOps></distInfo><spdoinfo><direct Sync="TRUE">Vector</direct><ptvctinf><esriterm Name="Putnam Voter Precincts"><efeatyp Sync="TRUE">Simple</efeatyp><efeageom Sync="TRUE">4</efeageom><esritopo Sync="TRUE">FALSE</esritopo><efeacnt Sync="TRUE">0</efeacnt><spindex Sync="TRUE">FALSE</spindex><linrefer Sync="TRUE">FALSE</linrefer></esriterm></ptvctinf></spdoinfo><spatRepInfo><VectSpatRep><topLvl><TopoLevCd Sync="TRUE" value="001"></TopoLevCd></topLvl><geometObjs Name="Gilboa_Dissolve"><geoObjTyp><GeoObjTypCd Sync="TRUE" value="002"></GeoObjTypCd><geoObjCnt Sync="TRUE">0</geoObjCnt></geoObjTyp><geoObjCnt Sync="TRUE">0</geoObjCnt></geometObjs></VectSpatRep></spatRepInfo><eainfo><detailed Name="Putnam Voter Precincts"><enttyp><enttypl Sync="TRUE">Putnam Voter Precincts</enttypl><enttypt Sync="TRUE">Feature Class</enttypt><enttypc Sync="TRUE">0</enttypc></enttyp><attr><attrlabl Sync="TRUE">FID</attrlabl><attalias Sync="TRUE">FID</attalias><attrtype Sync="TRUE">OID</attrtype><attwidth Sync="TRUE">4</attwidth><atprecis Sync="TRUE">0</atprecis><attscale Sync="TRUE">0</attscale><attrdef Sync="TRUE">Internal feature number.</attrdef><attrdefs Sync="TRUE">ESRI</attrdefs><attrdomv><udom Sync="TRUE">Sequential unique whole numbers that are automatically generated.</udom></attrdomv></attr><attr><attrlabl Sync="TRUE">Shape</attrlabl><attalias Sync="TRUE">Shape</attalias><attrtype Sync="TRUE">Geometry</attrtype><attwidth Sync="TRUE">0</attwidth><atprecis Sync="TRUE">0</atprecis><attscale Sync="TRUE">0</attscale><attrdef Sync="TRUE">Feature geometry.</attrdef><attrdefs Sync="TRUE">ESRI</attrdefs><attrdomv><udom Sync="TRUE">Coordinates defining the features.</udom></attrdomv></attr><attr><attrlabl Sync="TRUE">Id</attrlabl><attalias Sync="TRUE">Id</attalias><attrtype Sync="TRUE">Integer</attrtype><attwidth Sync="TRUE">6</attwidth><atprecis Sync="TRUE">6</atprecis><attscale Sync="TRUE">0</attscale></attr></detailed></eainfo><mdDateSt Sync="TRUE">20110914</mdDateSt></metadata>
